molecule_chembl_id,canonical_smiles,standard_value,bioactivityclass
CHEMBL138580,CC12CCC(=O)CC1=CCC1C2CCC2(C)C(CC3CN3)CCC12,1320.0,intermediate
CHEMBL3084319,C[C@]12CC[C@H]3[C@@H](CC=C4CC(O)CC[C@@]43C)[C@@H]1CC[C@@H]2C1CS1,2500.0,intermediate
CHEMBL136897,CC1(C2CCC3C4CC=C5CC(O)CCC5(C)C4CCC32C)NN1,16000.0,inactive
CHEMBL343929,CC12CCC(O)CC1=CCC1C2CCC2(C)C(c3cc[nH]n3)=CCC12,180.0,active
CHEMBL2112777,C[C@]12CC[C@H]3[C@@H](CC=C4CC(=O)CC[C@@]43C)[C@@H]1CC[C@@H]2[C@@H]1CN1,34000000.0,inactive
CHEMBL3085258,C[C@]12CC[C@H]3[C@@H](CC=C4CC(=O)CC[C@@]43C)[C@@H]1CC[C@@H]2C1CO1,25000.0,inactive
CHEMBL341591,CC12CCC(O)CC1=CCC1C2CCC2(C)C(CC3CN3)CCC12,530.0,active
CHEMBL2111948,C[C@]12CC[C@H]3[C@@H](CC=C4CC(=O)CC[C@@]43C)[C@@H]1CC[C@@H]2[C@H]1CN1,420.0,active
CHEMBL2111949,C[C@]12CC[C@H]3[C@@H](CC=C4C[C@@H](O)CC[C@@]43C)[C@@H]1CC[C@@H]2[C@@H]1CO1,25000.0,inactive
CHEMBL342012,CC12CCC(O)CC1=CCC1C2CCC2(C)C(C3CCN3)CCC12,125000.0,inactive
CHEMBL2112781,C[C@]12CC[C@H]3[C@@H](CC=C4C[C@@H](O)CC[C@@]43C)[C@@H]1CC[C@@H]2[C@H]1CO1,70000.0,inactive
CHEMBL3085256,COC1CC[C@@]2(C)C(=CC[C@H]3[C@@H]4CC[C@H](C5CO5)[C@@]4(C)CC[C@@H]32)C1,125000.0,inactive
CHEMBL134644,CC12CCC(O)CC1=CCC1C2CCC2(C)C(c3c[nH]cn3)=CCC12,40.0,active
CHEMBL2111947,C[C@]12CC[C@H]3[C@@H](CC=C4C[C@@H](O)CC[C@@]43C)[C@@H]1CC[C@@H]2[C@H]1CN1,210.0,active
CHEMBL2111950,C[C@]12CC[C@H]3[C@@H](CC=C4C[C@@H](O)CC[C@@]43C)[C@@H]1CC[C@]2(O)[C@@H]1CN1,32000.0,inactive
CHEMBL2112782,C[C@]12CC[C@H]3[C@@H](CC=C4C[C@@H](O)CC[C@@]43C)C1=CC[C@@H]2[C@@H]1CN1,9670.0,intermediate
CHEMBL2112772,C[C@]12CC[C@H]3[C@@H](CC=C4C[C@@H](O)CC[C@@]43C)[C@@H]1CC[C@@H]2[C@@H]1CN1,34000.0,inactive
CHEMBL2112775,C[C@]12CC[C@H]3[C@@H](CC=C4C[C@@H](O)CC[C@@]43C)[C@@H]1CC[C@]2(O)[C@H]1CN1,125000.0,inactive
CHEMBL140021,CC1(C2CCC3C4CC=C5CC(O)CCC5(C)C4CCC32C)N=N1,125000.0,inactive
CHEMBL157101,CC(=O)N1CCN(c2ccc(OCC3COC(Cn4ccnc4)(c4ccc(Cl)cc4Cl)O3)cc2)CC1,67000.0,inactive
CHEMBL3085257,C[C@]12CC[C@H]3[C@@H](CC=C4CC(O)CC[C@@]43C)[C@@H]1CC[C@H]2C1CS1,125000.0,inactive
CHEMBL2111951,C[C@]12CC[C@H]3[C@@H](CC=C4C[C@@H](O)CC[C@@]43C)C1=CC[C@@H]2[C@H]1CN1,430.0,active
CHEMBL419743,Cc1nc(C2CCC3C4CC=C5CC(O)CC[C@]5(C)C4CC[C@]23C)co1,1500.0,intermediate
CHEMBL166709,O=C1/C(=C/c2cccnn2)CCc2ccccc21,10000.0,inactive
CHEMBL424556,O=C1/C(=C/c2ccnnc2)CCc2ccccc21,10000.0,inactive
CHEMBL2112522,C[C@]12CC[C@H]3[C@@H](CC=C4C[C@@H](O)CC[C@@]43C)[C@@H]1CC=C2c1ncc[nH]1,1500.0,intermediate
CHEMBL169251,O=C1/C(=C\c2c[nH]cn2)CCc2ccccc21,74000.0,inactive
CHEMBL2112517,C[C@]12CC[C@H]3[C@@H](CC=C4C[C@@H](O)CC[C@@]43C)[C@@H]1CC=C2c1cc[nH]n1,28.0,active
CHEMBL168636,O=C1/C(=C/c2cccnc2)CCc2ccccc21,48000.0,inactive
CHEMBL90585,O=C1/C(=C/c2ccncc2)CCc2ccccc21,37000.0,inactive
CHEMBL2112524,CC(=O)O[C@H]1CC[C@@]2(C)C(=CC[C@H]3[C@@H]4CC[C@H](C5=CNC(C(C)=O)N5)[C@@]4(C)CC[C@@H]32)C1,5456.0,intermediate
CHEMBL433728,c1ccc2c(c1)CCC1C(c3ccsc3)C21,10000.0,inactive
CHEMBL169449,O=C1c2ccccc2CCC1C(O)c1cnccn1,10000.0,inactive
CHEMBL2112526,C[C@]12CC[C@H]3[C@@H](CC=C4C[C@@H](O)CC[C@@]43C)[C@@H]1CC=C2c1c[nH]cn1,49.0,active
CHEMBL304903,c1ccc2c(c1)CCC1C(c3ccncc3)C21,36000.0,inactive
CHEMBL2112533,Cc1nc([C@H]2CC[C@H]3[C@@H]4CC=C5C[C@@H](O)CC[C@]5(C)[C@H]4CC[C@]23C)c[nH]1,4813.0,intermediate
CHEMBL168434,O=C1/C(=C/c2c[nH]cn2)CCc2ccccc21,31000.0,inactive
CHEMBL352645,c1ccc2c(c1)CCC1C(c3c[nH]cn3)C21,90000.0,inactive
CHEMBL325307,C[C@]12CCC3C(CCC4=CC(=O)CC[C@@]43C)C1CC=C2c1c[nH]cn1,14.0,active
CHEMBL114864,C[C@]12CCC3C(CC=C4CC(O)CC[C@@]43C)C1CC=C2c1ccnn1-c1ccccc1,1500.0,intermediate
CHEMBL115944,C[C@]12CCC3C(CC=C4CC(O)CC[C@@]43C)C1CCC2c1cc[nH]n1,1500.0,intermediate
CHEMBL440930,c1cncc(C2C3CCc4ccccc4C32)c1,87000.0,inactive
CHEMBL113205,C[C@]12CCC3C(CC=C4CC(O)CC[C@@]43C)C1CCC2c1ccon1,1500.0,intermediate
CHEMBL2112521,C[C@]12CC[C@H]3[C@@H](CC=C4C[C@@H](O)CC[C@@]43C)[C@@H]1CC=C2c1ccno1,84.0,active
CHEMBL78215,C[C@]12CCC3C(CCC4=CC(=O)CC[C@@]43C)C1CC=C2c1ccno1,32.0,active
CHEMBL166789,c1ccc(C2C3CCc4ccccc4C32)nc1,10000.0,inactive
CHEMBL415753,O=C1/C(=C/c2cc[nH]n2)CCc2ccccc21,10000.0,inactive
CHEMBL79955,Oc1c(F)c(F)c(F)c(F)c1/N=N/c1c(F)c(F)c(F)c(F)c1F,63000.0,inactive
CHEMBL78395,Fc1c(F)c(F)c2[nH]c3c(F)c(F)c(F)c(F)c3o[nH]c2c1F,50000.0,inactive
CHEMBL419934,C[C@]12CCC3C(CC=C4CC(O)CC[C@@]43C)C1CCC2c1ncc[nH]1,1500.0,intermediate
CHEMBL113966,C[C@]12CCC3C(CCC4=CC(=O)CC[C@@]43C)C1CC[C@@H]2c1c[nH]cn1,79.0,active
CHEMBL113448,C[C@]12CCC3C(CCC4=CC(=O)CC[C@@]43C)C1CC=C2c1cc[nH]n1,76.0,active
CHEMBL169664,O=C1c2ccccc2CCC1C(O)c1cccnn1,10000.0,inactive
CHEMBL168762,O=C1c2ccccc2CCC1C(O)c1ccnnc1,10000.0,inactive
CHEMBL309703,Oc1c(F)c(F)c(/N=N/c2c(F)c(F)c(F)c(F)c2F)c(F)c1F,30000.0,inactive
CHEMBL168444,O=C1c2ccccc2CCC1C(O)c1ccncn1,10000.0,inactive
CHEMBL325895,Cn1ccc(C2=CCC3C4CC=C5CC(O)CC[C@]5(C)C4CC[C@]23C)n1,1500.0,intermediate
CHEMBL2112528,CC(=O)O[C@H]1CC[C@@]2(C)C(=CC[C@H]3[C@@H]4CC[C@H](c5c[nH]cn5)[C@@]4(C)CC[C@@H]32)C1,1500.0,intermediate
CHEMBL169086,O=C1/C(=C/c2cncs2)CCc2ccccc21,21000.0,inactive
CHEMBL168700,c1ccc(C2C3CCc4ccccc4C32)cc1,10000.0,inactive
CHEMBL333604,Cn1nccc1C1=CCC2C3CC=C4CC(O)CC[C@]4(C)C3CC[C@]12C,1500.0,intermediate
CHEMBL2112534,CC(=O)O[C@H]1CC[C@@]2(C)C(=CC[C@H]3[C@@H]4CC=C(c5c[nH]cn5)[C@@]4(C)CC[C@@H]32)C1,1500.0,intermediate
CHEMBL541717,C[C@]12CCC3C(CC=C4CC(O)CC[C@@]43C)C1CC[C@@H]2c1c[nH]c(-c2ccccc2)n1,1500.0,intermediate
CHEMBL113804,C[C@]12CCC3C(CC=C4CC(O)CC[C@@]43C)C1CCC2c1ccno1,1500.0,intermediate
CHEMBL2112518,C[C@]12CC[C@H]3[C@@H](CC=C4C[C@@H](O)CC[C@@]43C)[C@@H]1CC[C@@H]2c1c[nH]cn1,91.0,active
CHEMBL113407,C[C@]12CCC3C(CCC4=CC(=O)CC[C@@]43C)C1CC[C@@H]2C1N=CC=N1,1500.0,intermediate
CHEMBL424203,O=C1/C(=C/c2ccccn2)CCc2ccccc21,10000.0,inactive
CHEMBL28689,O=C1/C(=C/c2ccccc2)CCc2ccccc21,10000.0,inactive
CHEMBL166974,O=C1/C(=C/c2ccsc2)CCc2ccccc21,10000.0,inactive
CHEMBL307729,C[C@]12CCC3C(CCC4=CC(=O)CC[C@@]43C)C1CC=C2n1cncn1,11.0,active
CHEMBL310822,C[C@]12CCC3C(CC=C4C[C@@H](O)CC[C@@]43C)C1CC=C2n1cncn1,26.0,active
CHEMBL74661,C[C@]12CCC3C(CC=C4C[C@@H](O)CC[C@@]43C)C1CC=C2n1ccnc1,9.0,active
CHEMBL78003,C[C@]12CCC3C(CCC4=CC(=O)CC[C@@]43C)C1CC=C2n1ccnn1,9.0,active
CHEMBL310336,C[C@]12CCC3C(CCC4=CC(=O)CC[C@@]43C)C1CC=C2n1ccnc1,8.0,active
CHEMBL78108,C[C@]12CCC3C(CC=C4C[C@@H](O)CC[C@@]43C)C1CC=C2n1ccnn1,10.0,active
CHEMBL131984,C[C@@H]1C(OC(=O)Cc2cccnc2)CC2CC1C2(C)C,460.0,active
CHEMBL132072,C[C@@H]1C(OC(=O)Cc2ccncc2)CC2CC1C2(C)C,260.0,active
CHEMBL337251,C[C@@H]1C(OC(=O)C(C)(C)c2cccnc2)CC2CC1C2(C)C,47.0,active
CHEMBL336403,CC12CCC(O)CC1=CCC1C2CCC2(C)/C(=C/C=N/O)CCC12,125000.0,inactive
CHEMBL137040,C/C(CC1CCC2C3CCC4=CC(=O)CCC4(C)C3CCC12C)=N\O,3600.0,intermediate
CHEMBL135651,C/C(=N/O)[C@H]1CCC2C3CCC4=CC(=O)CCC4(C)C3CCC21C,125000.0,inactive
CHEMBL2112747,C/C(=N/O)[C@H]1CC=C2[C@@H]3CC=C4C[C@@H](O)CC[C@]4(C)[C@H]3CC[C@@]21C,125000.0,inactive
CHEMBL135772,C/C(CC1CCC2C3CC=C4CC(O)CCC4(C)C3CCC12C)=N\O,9800.0,intermediate
CHEMBL2112731,C[C@]12CC[C@H]3[C@@H](CC=C4C[C@@H](O)CC[C@@]43C)C1CC/C2=C/C=N\O,520.0,active
CHEMBL135993,CC12CCC(=O)C=C1CCC1C2CCC2(C)C(C/C=N/O)CCC12,300.0,active
CHEMBL2112737,C/C(=N/O)C1=CCC2[C@@H]3CC=C4C[C@@H](O)CC[C@]4(C)[C@H]3CC[C@]12C,125000.0,inactive
CHEMBL440165,CC12CCC(O)CC1=CCC1C2CCC2(C)C(C/C=N/O)CCC12,2760.0,intermediate
CHEMBL2112735,C[C@]12CC[C@H]3[C@@H](CCC4=C[C@@H](O)CC[C@@]43C)C1CC/C2=C/C=N\O,140.0,active
CHEMBL135288,C/C(=N/O)C1=CC=C2C3CCC4=CC(=O)CCC4(C)C3CCC12C,125000.0,inactive
CHEMBL135351,C/C(=N/O)C1=CCC2C3CCC4=CC(=O)CCC4(C)C3CCC12C,125000.0,inactive
CHEMBL132969,C/C(=N/O)C1CC=C2C3CC=C4CC(O)CCC4(C)C3CCC21C,125000.0,inactive
CHEMBL53644,c1ccc2c(c1)CCCC2CCn1ccnc1,20000.0,inactive
CHEMBL292899,c1cnc2c(c1)C(CCn1ccnc1)CCC2,125000.0,inactive
CHEMBL323546,O=C(Cc1ccncc1)Oc1ccccc1,100000.0,inactive
CHEMBL102981,CC(C(=O)OC1CCCCC1)c1ccncc1,2200.0,intermediate
CHEMBL105298,CC1CCC(C(C)C)C(OC(=O)Cc2ccncc2)C1,15000.0,inactive
CHEMBL321729,CC1CCC(OC(=O)Cc2ccncc2)CC1,36000.0,inactive
CHEMBL104126,CC(C)CC(C)OC(=O)Cc1ccncc1,17000.0,inactive
CHEMBL104047,O=C(Cc1ccncc1)OC12CC3CC(CC(C3)C1)C2,610.0,active
CHEMBL105044,CC1(OC(=O)Cc2ccncc2)CCCCC1,11000.0,inactive
CHEMBL102536,CC1(C)C2CCC1(C)C(OC(=O)Cc1ccncc1)C2,2200.0,intermediate
CHEMBL104566,CC1CCC(OC(=O)Cc2ccncc2)C1,32000.0,inactive
CHEMBL102884,CC(C)(C)C1CCC(OC(=O)Cc2ccncc2)CC1,3000.0,intermediate
CHEMBL103685,CC(C)(C(=O)OC1CCCCC1)c1ccncc1,4500.0,intermediate
CHEMBL102409,O=C(Cc1ccncc1)OC1CCCCC1,20000.0,inactive
CHEMBL103040,O=C(Cc1ccncc1)OC1=CC2CCC1C2,46000.0,inactive
CHEMBL101743,CCC1CCC(OC(=O)Cc2ccncc2)CC1,2700.0,intermediate
CHEMBL319026,CC1C(OC(=O)Cc2ccncc2)CC2CC1C2(C)C,1800.0,intermediate
CHEMBL323585,CC(C)CCOC(=O)Cc1ccncc1,100000.0,inactive
CHEMBL105289,O=C(Cc1ccncc1)OC1CCCC1,131000.0,inactive
CHEMBL102510,CC(C)OC(=O)Cc1ccncc1,100000.0,inactive
CHEMBL377770,Fc1ccc(Cn2ccnc2)cc1,18440.0,inactive
CHEMBL441367,Clc1ccc(Cn2ccnc2)cc1,2810.0,intermediate
CHEMBL211207,Brc1ccc(Cn2ccnc2)cc1,6760.0,intermediate
CHEMBL427399,Ic1ccc(Cn2ccnc2)cc1,1580.0,intermediate
CHEMBL349822,N#Cc1ccc(Cn2ccnc2)cc1,7670.0,intermediate
CHEMBL13784,O=[N+]([O-])c1ccc(Cn2ccnc2)cc1,7170.0,intermediate
CHEMBL212741,Cc1ccc(Cn2ccnc2)cc1,8810.0,intermediate
CHEMBL166845,Oc1ccc(Cn2ccnc2)cc1,8220.0,intermediate
CHEMBL213596,FC(F)(F)c1cc(Cn2ccnc2)cc(C(F)(F)F)c1,19460.0,inactive
CHEMBL446946,Fc1cc(F)cc(Cn2ccnc2)c1,11800.0,inactive
CHEMBL373588,Fc1ccc(Cn2ccnc2)cc1F,9600.0,intermediate
CHEMBL210125,Clc1cc(Cl)cc(Cn2ccnc2)c1,3340.0,intermediate
CHEMBL379436,Clc1ccc(Cn2ccnc2)cc1Cl,2070.0,intermediate
CHEMBL211276,Brc1cc(Br)cc(Cn2ccnc2)c1,3160.0,intermediate
CHEMBL14192,c1ccc(Cn2ccnc2)cc1,39060.0,inactive
CHEMBL386256,Brc1ccc(CCCn2ccnc2)cc1,2950.0,intermediate
CHEMBL215320,Brc1ccc(CCn2ccnc2)cc1,30660.0,inactive
CHEMBL213493,Clc1ccc(CCCn2ccnc2)cc1,5850.0,intermediate
CHEMBL379290,Clc1ccc(CCn2ccnc2)cc1,49640.0,inactive
CHEMBL214932,Fc1ccc(CCCn2ccnc2)cc1,27810.0,inactive
CHEMBL215425,Fc1ccc(CCn2ccnc2)cc1,120200.0,inactive
CHEMBL380271,c1ccc(CCCn2ccnc2)cc1,30950.0,inactive
CHEMBL403475,CCC(c1ccc(-c2ccsc2)cc1)n1ccnc1,562.0,active
CHEMBL254328,C[C@]12CC[C@H]3[C@@H](CC=C4C[C@@H](O)CC[C@@]43C)[C@@H]1CC=C2c1cccnc1,220.0,active
CHEMBL273191,CC(c1ccc(-c2ccsc2)cc1)n1ccnc1,676.0,active
CHEMBL539453,Cc1ccc(S(=O)(=O)Oc2ccc(Cn3ccnc3)cc2)cc1,25160.0,inactive
CHEMBL549919,O=[N+]([O-])c1ccc(S(=O)(=O)Oc2ccc(Cn3ccnc3)cc2)cc1,6880.0,intermediate
CHEMBL560398,O=S(=O)(Oc1ccc(Cn2ccnc2)cc1)c1ccc(F)cc1,15930.0,inactive
CHEMBL549920,O=S(=O)(Oc1ccc(Cn2ccnc2)cc1)c1ccc(Cl)cc1,6850.0,intermediate
CHEMBL190231,O=S(=O)(Oc1ccc(Cn2ccnc2)cc1)c1ccc(Br)cc1,4840.0,intermediate
CHEMBL558136,O=S(=O)(Oc1ccc(Cn2ccnc2)cc1)c1ccc(I)cc1,10010.0,inactive
CHEMBL553870,COc1ccc(S(=O)(=O)Oc2ccc(Cn3ccnc3)cc2)cc1,6000.0,intermediate
CHEMBL560333,O=S(=O)(Oc1ccc(Cn2ccnc2)cc1)c1ccc(C(F)(F)F)cc1,64910.0,inactive
CHEMBL1222850,CCc1ccc(S(=O)(=O)Oc2ccc(Cn3ccnc3)cc2)cc1,20.0,active
CHEMBL1222922,CCCc1ccc(S(=O)(=O)Oc2ccc(Cn3ccnc3)cc2)cc1,30.0,active
CHEMBL1222923,CCCCc1ccc(S(=O)(=O)Oc2ccc(Cn3ccnc3)cc2)cc1,40.0,active
CHEMBL1222924,CCCCCc1ccc(S(=O)(=O)Oc2ccc(Cn3ccnc3)cc2)cc1,160.0,active
CHEMBL1222987,O=S(=O)(Oc1ccc(Cn2ccnc2)cc1)c1ccc(-c2ccccc2)cc1,10.0,active
CHEMBL1682893,CNC(=O)c1ccc2cc(C(O)(c3c[nH]cn3)C(C)C)ccc2c1,6.0,active
CHEMBL1682890,CNC(=O)Nc1ccc2cc(C(O)(c3c[nH]cn3)C(C)C)ccc2c1,11.0,active
CHEMBL1682894,CCNC(=O)c1ccc2cc(C(O)(c3c[nH]cn3)C(C)C)ccc2c1,11.0,active
CHEMBL1682896,CC(C)NC(=O)c1ccc2cc(C(O)(c3c[nH]cn3)C(C)C)ccc2c1,12.0,active
CHEMBL1682899,CNC(=O)c1cc2ccc(C(O)(c3c[nH]cn3)C(C)C)cc2cc1C,12.0,active
CHEMBL1682895,CCCNC(=O)c1ccc2cc(C(O)(c3c[nH]cn3)C(C)C)ccc2c1,13.0,active
CHEMBL1682888,CC(=O)c1ccc2cc(C(O)(c3c[nH]cn3)C(C)C)ccc2c1,14.0,active
CHEMBL1682901,CC(C)C(O)(c1ccc2c3c(ccc2c1)C(=O)N(C)C3)c1c[nH]cn1,15.0,active
CHEMBL1682887,COc1ccc2cc([C@](O)(c3c[nH]cn3)C(C)C)ccc2c1,21.0,active
CHEMBL1682889,CC(=O)Nc1ccc2cc(C(O)(c3c[nH]cn3)C(C)C)ccc2c1,29.0,active
CHEMBL1682902,CC(C)C(O)(c1ccc2cc3c(cc2c1)CNC3=O)c1c[nH]cn1,42.0,active
CHEMBL1682891,COC(=O)c1ccc2cc(C(O)(c3c[nH]cn3)C(C)C)ccc2c1,43.0,active
CHEMBL1682903,CC(C)C(O)(c1ccc2cc3c(cc2c1)CN(C)C3=O)c1c[nH]cn1,70.0,active
CHEMBL1682897,CNC(=O)c1ccc2cc(C(O)(c3c[nH]cn3)C(C)C)ccc2c1Cl,91.0,active
CHEMBL1682905,CC(C)[C@@](O)(c1ccc2c3c(ccc2c1)C(=O)N(C)C3)c1c[nH]cn1,110.0,active
CHEMBL1682900,CC(C)C(O)(c1ccc2c3c(ccc2c1)C(=O)NC3)c1c[nH]cn1,180.0,active
CHEMBL1682898,CNC(=O)c1ccc2cc(C(O)(c3c[nH]cn3)C(C)C)ccc2c1C,200.0,active
CHEMBL1682892,CC(C)C(O)(c1ccc2cc(C(N)=O)ccc2c1)c1c[nH]cn1,10.0,active
CHEMBL1682904,CC(C)[C@](O)(c1ccc2c3c(ccc2c1)C(=O)N(C)C3)c1c[nH]cn1,10.0,active
CHEMBL1766169,CC(C)C(O)(c1cccc(-c2ccccc2)c1)c1c[nH]cn1,15.0,active
CHEMBL1765101,COc1ccc(-c2cccc(C(O)(c3c[nH]cn3)C(C)C)c2)cc1,10.0,active
CHEMBL1766170,CC(C)C(O)(c1cccc(-c2ccc(F)cc2)c1)c1c[nH]cn1,8.3,active
CHEMBL1766171,CC(C)C(O)(c1cccc(-c2ccc(Cl)cc2)c1)c1c[nH]cn1,19.0,active
CHEMBL1766172,CC(C)C(O)(c1ccc(-c2ccccc2)cc1)c1c[nH]cn1,33.0,active
CHEMBL1766173,COc1ccc(-c2ccc(C(O)(c3c[nH]cn3)C(C)C)cc2)cc1,120.0,active
CHEMBL1766174,CC(C)C(O)(c1ccc(-c2ccc(F)cc2)cc1)c1c[nH]cn1,28.0,active
CHEMBL1766175,CC(C)C(O)(c1ccc(-c2ccc(Cl)cc2)cc1)c1c[nH]cn1,29.0,active
CHEMBL1766176,CC(=O)Nc1cccc(-c2ccc(C(O)(c3c[nH]cn3)C(C)C)cc2)c1,17.0,active
CHEMBL1766177,CC(=O)Nc1ccc(-c2ccc(C(O)(c3c[nH]cn3)C(C)C)cc2)cc1,24.0,active
CHEMBL1766178,CNC(=O)c1cccc(-c2ccc(C(O)(c3c[nH]cn3)C(C)C)cc2)c1,49.0,active
CHEMBL1766179,CNS(=O)(=O)c1cccc(-c2ccc(C(O)(c3c[nH]cn3)C(C)C)cc2)c1,71.0,active
CHEMBL1766180,CNC(=O)Nc1cccc(-c2ccc(C(O)(c3c[nH]cn3)C(C)C)cc2)c1,24.0,active
CHEMBL1766181,CC(C)C(O)(c1ccc(-c2ccccn2)cc1)c1c[nH]cn1,210.0,active
CHEMBL1766182,CC(=O)Nc1cccc(-c2ccc(C(O)(c3c[nH]cn3)C(C)C)cc2)n1,53.0,active
CHEMBL1766183,CC(=O)Nc1cccc(-c2ccc(C(C)(O)c3c[nH]cn3)cc2)c1,62.0,active
CHEMBL1766184,CCC(O)(c1ccc(-c2cccc(NC(C)=O)c2)cc1)c1c[nH]cn1,25.0,active
CHEMBL1766185,CC(=O)Nc1cccc(-c2ccc(C(O)(c3c[nH]cn3)C3CC3)cc2)c1,81.0,active
CHEMBL1766186,CC(=O)Nc1cccc(-c2ccc(C(O)c3c[nH]cn3)cc2)c1,320.0,active
CHEMBL1766187,CC(=O)Nc1cccc(-c2ccc([C@](O)(c3c[nH]cn3)C(C)C)cc2)c1,14.0,active
CHEMBL1766188,CC(=O)Nc1cccc(-c2ccc([C@@](O)(c3c[nH]cn3)C(C)C)cc2)c1,770.0,active
CHEMBL1766189,CC(=O)Nc1cccc(-c2ccc([C@](O)(c3c[nH]cn3)C(C)C)cc2)n1,33.0,active
CHEMBL1766190,CC(=O)Nc1cccc(-c2ccc([C@@](O)(c3c[nH]cn3)C(C)C)cc2)n1,1000.0,active
CHEMBL1766191,CC[C@](O)(c1ccc(-c2cccc(NC(C)=O)c2)cc1)c1c[nH]cn1,19.0,active
CHEMBL1766192,CC[C@@](O)(c1ccc(-c2cccc(NC(C)=O)c2)cc1)c1c[nH]cn1,450.0,active
CHEMBL1921977,CNC(=O)c1ccc2cc(C3(O)CCn4cncc43)ccc2c1,54.0,active
CHEMBL1921978,CNC(=O)c1ccc2cc(C3(O)c4cncn4CC3(C)C)ccc2c1,110.0,active
CHEMBL1921979,CNC(=O)c1ccc2cc(C3CCn4cncc43)ccc2c1,15.0,active
CHEMBL1921980,CNC(=O)c1ccc2cc(C(C)(O)c3cncn3C)ccc2c1,1000.0,active
CHEMBL1921981,NC(=O)c1ccc2cc(C3(O)CCn4cncc43)ccc2c1,24.0,active
CHEMBL1921982,CCNC(=O)c1ccc2cc(C3(O)CCn4cncc43)ccc2c1,110.0,active
CHEMBL1921983,O=C(NC1CC1)c1ccc2cc(C3(O)CCn4cncc43)ccc2c1,100.0,active
CHEMBL1921984,CC(C)NC(=O)c1ccc2cc(C3(O)CCn4cncc43)ccc2c1,160.0,active
CHEMBL1921976,CNC(=O)c1ccc2cc([C@@]3(O)CCn4cncc43)ccc2c1,48.0,active
CHEMBL1921985,CNC(=O)c1ccc2cc([C@]3(O)CCn4cncc43)ccc2c1,180.0,active
CHEMBL3087962,Cc1noc(C2=CC[C@H]3[C@@H]4CC=C5C[C@@H](O)CC[C@]5(C)[C@H]4CC[C@]23C)n1,600.0,active
CHEMBL3264604,COc1cc2ccc(C(O)(c3c[nH]cn3)C(C)C)cc2cc1OC,140.0,active
CHEMBL3264602,COc1cc2ccc(C(O)(c3ccncc3)C(C)C)cc2cc1OC,60.0,active
CHEMBL3264600,COc1cc2ccc(C(O)(c3cnco3)C(C)C)cc2cc1OC,86.0,active
CHEMBL3264597,COc1cc2ccc(C(O)(c3cnn[nH]3)C(C)C)cc2cc1OC,180.0,active
CHEMBL3264599,COc1cc2ccc(C(O)(c3cncs3)C(C)C)cc2cc1OC,290.0,active
CHEMBL3264596,COc1cc2ccc(C(O)(c3cn[nH]c3)C(C)C)cc2cc1OC,430.0,active
CHEMBL3264603,COc1cc2ccc(C(O)(c3ccncn3)C(C)C)cc2cc1OC,440.0,active
CHEMBL3264595,COc1cc2ccc(C(O)(c3cc[nH]n3)C(C)C)cc2cc1OC,1600.0,intermediate
CHEMBL3264601,COc1cc2ccc(C(O)(c3cccnc3)C(C)C)cc2cc1OC,4200.0,intermediate
CHEMBL3264598,COc1cc2ccc(C(O)(c3nc[nH]n3)C(C)C)cc2cc1OC,7100.0,intermediate
CHEMBL3677955,O=C1N(c2ccnc(C(F)(F)F)c2)[C@H]2C[C@H]2N1c1cnccc1C1CC1,3.0,active
CHEMBL3639767,O=C1N(c2ccnc(Cl)c2)CCN1c1cnccc1C1CC1,2.7,active
CHEMBL3677931,COc1cc(N2CCN(c3cnccc3C3CC3)C2=O)ccn1,4.6,active
CHEMBL3677924,O=C1N(c2ccnc(C(F)(F)F)c2)CCN1c1cnccc1C1CC1,1.1,active
CHEMBL3912227,C[C@]12CC[C@H]3[C@@H](CC=C4C[C@@H](O)CC[C@@]43C)[C@@H]1CC=C2c1n[nH]cc1C=O,66.0,active
CHEMBL3966872,C[C@]12CC[C@H]3[C@@H](CC=C4C[C@@H](O)CC[C@@]43C)[C@@H]1CC=C2c1n[nH]cc1CO,26.0,active
CHEMBL3947033,C[C@]12CC[C@H]3[C@@H](CC=C4C[C@@H](O)CC[C@@]43C)[C@@H]1CC=C2c1n[nH]cc1C#N,92.0,active
CHEMBL4090236,Fc1ccc2sc3c(c2c1)CCN(Cc1cncc2ccccc12)C3,389.8,active
CHEMBL4068802,Fc1ccc2sc3c(c2c1)CCN(Cc1c[nH]cn1)C3,29.8,active
CHEMBL4096103,Fc1ccc2sc3c(c2c1)CCN(Cc1ccncc1)C3,1000.0,active
CHEMBL4101951,Fc1ccc2sc3c(c2c1)CCN(Cc1cncnc1)C3,80.59,active
CHEMBL4083961,Cc1cncc(CN2CCc3c(sc4ccc(F)cc34)C2)c1,120.6,active
CHEMBL4063960,COc1cncc(CN2CCc3c(sc4ccc(F)cc34)C2)c1,33.9,active
CHEMBL4091726,Fc1cncc(CN2CCc3c(sc4ccc(F)cc34)C2)c1,56.5,active
CHEMBL4072550,CC(C)c1ccncc1CN1CCc2c(sc3ccc(F)cc23)C1,535.1,active
CHEMBL4099464,C=C(C)c1ccncc1CN1CCc2c(sc3ccc(F)cc23)C1,979.8,active
CHEMBL4083029,Fc1ccc2sc3c(c2c1)CCN(Cc1cnccc1C1CC1)C3,61.1,active
CHEMBL4061151,Fc1ccc2sc3c(c2c1)CCN(Cc1cnccc1-c1ccccc1)C3,1000.0,active
CHEMBL4059780,Cc1ccncc1CN1CCc2c(sc3ccc(F)cc23)C1,15.8,active
CHEMBL4077026,Fc1ccc2sc3c(c2c1)CCN(Cc1cnccc1Br)C3,75.8,active
CHEMBL4072728,O=C(c1cccnc1)N1CCc2c(sc3ccc(F)cc23)C1,1000.0,active
CHEMBL4074529,CC(=O)Nc1ccc2sc3c(c2c1)CCN(Cc1cccnc1)C3,1000.0,active
CHEMBL4078455,CC(C)(C)OC(=O)Nc1ccc2sc3c(c2c1)CCN(Cc1cccnc1)C3,1000.0,active
CHEMBL4102114,CNC(=O)c1ccc2sc3c(c2c1)CCN(Cc1cccnc1)C3,1000.0,active
CHEMBL4077854,N#Cc1ccc2sc3c(c2c1)CCN(Cc1cccnc1)C3,257.1,active
CHEMBL4064141,Oc1ccc2sc3c(c2c1)CCN(Cc1cccnc1)C3,20.9,active
CHEMBL4085705,CC1(C)OB(c2ccc3sc4c(c3c2)CCN(Cc2cccnc2)C4)OC1(C)C,115.0,active
CHEMBL4072156,Cc1ccc2sc3c(c2c1)CCN(Cc1cccnc1)C3,257.1,active
CHEMBL4099128,COc1ccc2sc3c(c2c1)CCN(Cc1cccnc1)C3,1000.0,active
CHEMBL4063548,Brc1ccc2sc3c(c2c1)CCN(Cc1cccnc1)C3,516.9,active
CHEMBL4091391,Clc1ccc2sc3c(c2c1)CCN(Cc1cccnc1)C3,448.6,active
CHEMBL4101612,Fc1ccc2sc3c(c2c1)CCN(Cc1cccnc1)C3,28.1,active
CHEMBL4083609,c1cncc(CN2CCc3c(sc4ccccc34)C2)c1,28.1,active
CHEMBL4093882,c1cncc(CN2CCc3c([nH]c4ccccc34)C2)c1,228.5,active
